post_id_tech,formatted_post_title,formatted_timestamps,post_link,keyword
1at99aw,Microscopic robots could soon float inside your liver to fight cancer. Canadian researchers are closing in on a novel approach to treat liver tumours using microrobots in a MRI device.,2024-02-17T18:55:06.569000+0000,https://www.reddit.com/r/tech/comments/1at99aw/microscopic_robots_could_soon_float_inside_your/,"['microscopic robots could soon float inside', 'treat liver tumours using microrobots', 'novel approach', 'mri device', 'fight cancer', 'canadian researchers', 'liver', 'closing']"
1asxvnn,‘Humanity’s remaining timeline? It looks more like five years than 50’: meet the neo-luddites warning of an AI apocalypse,2023-12-08T14:31:02.726000+0000,https://www.reddit.com/r/tech/comments/1asxvnn/humanitys_remaining_timeline_it_looks_more_like/,"['‘ humanity ’', 'like five years', '50 ’: meet', 'remaining timeline', 'luddites warning', 'ai apocalypse', 'neo', 'looks']"
1ataibg,"Nvidia reveals its Eos supercomputer for AI processing sporting 4,608 H100 GPUs | Its the ninth fastest supercomputer in the world",2024-02-17T09:15:38.375000+0000,https://www.reddit.com/r/tech/comments/1ataibg/nvidia_reveals_its_eos_supercomputer_for_ai/,"['ai processing sporting 4', '608 h100 gpus', 'ninth fastest supercomputer', 'eos supercomputer', 'nvidia reveals', 'world']"
1asawcw,New Solid Electrolyte Matches Liquid Performance. Better solid electrolytes could result in safer batteries that don’t explode.,2024-02-17T19:47:56.082000+0000,https://www.reddit.com/r/tech/comments/1asawcw/new_solid_electrolyte_matches_liquid_performance/,"['new solid electrolyte matches liquid performance', 'better solid electrolytes could result', 'safer batteries', '’', 'explode']"
1asnwma,New chip opens door to AI computing at light speed,2024-02-16T15:10:43.764000+0000,https://www.reddit.com/r/tech/comments/1asnwma/new_chip_opens_door_to_ai_computing_at_light_speed/,"['new chip opens door', 'light speed', 'ai computing']"
1as5xs9,US researchers develop 'unhackable' computer chip that works on light | Computations can be performed at light speed in this chip which is ready for deployment for building AI models immediately.,2024-02-17T00:07:33.274000+0000,https://www.reddit.com/r/tech/comments/1as5xs9/us_researchers_develop_unhackable_computer_chip/,"['building ai models immediately', 'us researchers develop', 'light speed', 'computer chip', 'light', 'chip', 'works', 'unhackable', 'ready', 'performed', 'deployment', 'computations']"
1as7458,"LED glass basketball court to make NBA debut this month, displaying stats and replays | Courts can also display other entertainment content and host potentially any hardcourt sport",2024-02-16T11:02:01.638000+0000,https://www.reddit.com/r/tech/comments/1as7458/led_glass_basketball_court_to_make_nba_debut_this/,"['led glass basketball court', 'make nba debut', 'host potentially', 'hardcourt sport', 'entertainment content', 'displaying stats', 'also display', 'replays', 'month', 'courts']"
1arxn30,The existence of a new kind of magnetism has been confirmed,2024-02-16T12:11:52.407000+0000,https://www.reddit.com/r/tech/comments/1arxn30/the_existence_of_a_new_kind_of_magnetism_has_been/,"['new kind', 'magnetism', 'existence', 'confirmed']"
1ardw87,Ultrasound waves spark movement in sleepy sperm by up to 266%,2024-02-16T02:33:40.004000+0000,https://www.reddit.com/r/tech/comments/1ardw87/ultrasound_waves_spark_movement_in_sleepy_sperm/,"['ultrasound waves spark movement', 'sleepy sperm', '266']"
1arxuvo,Open AI can now create video from text,2024-02-15T12:01:22.711000+0000,https://www.reddit.com/r/tech/comments/1arxuvo/open_ai_can_now_create_video_from_text/,"['open ai', 'create video', 'text']"
1armyjr,"Surgical robot, MIRA, aces zero-gravity examination in space | SpaceMIRA, a miniature surgical robot, excels in zero gravity, promising revolutionary advances in remote surgery and healthcare accessibility worldwide.",2024-02-16T02:44:39.568000+0000,https://www.reddit.com/r/tech/comments/1armyjr/surgical_robot_mira_aces_zerogravity_examination/,"['promising revolutionary advances', 'healthcare accessibility worldwide', 'miniature surgical robot', 'surgical robot', 'zero gravity', 'remote surgery', 'gravity examination', 'aces zero', 'spacemira', 'space', 'mira', 'excels']"
1ar2uvn,"Magnetic robotic catheter devised to efficiently treat ischemic strokes | The cutting-edge device with helical surface and rotational motion can navigate the vascular system efficiently, targeting diseased blood vessels with precision.",2023-12-08T14:31:02.726000+0000,https://www.reddit.com/r/tech/comments/1ar2uvn/magnetic_robotic_catheter_devised_to_efficiently/,"['targeting diseased blood vessels', 'magnetic robotic catheter devised', 'efficiently treat ischemic strokes', 'vascular system efficiently', 'rotational motion', 'helical surface', 'edge device', 'precision', 'navigate', 'cutting']"
1aqopii,NASA Puts Next-Gen Exoplanet-Imaging Technology to the Test,2024-02-15T18:52:50.825000+0000,https://www.reddit.com/r/tech/comments/1aqopii/nasa_puts_nextgen_exoplanetimaging_technology_to/,"['nasa puts next', 'imaging technology', 'gen exoplanet', 'test']"
1aqgfw8,Open-Source Security Chip Released. The first commercial chip based on the OpenTitan hardware security design has hit the market.,2024-02-15T00:45:38.515000+0000,https://www.reddit.com/r/tech/comments/1aqgfw8/opensource_security_chip_released_the_first/,"['source security chip released', 'opentitan hardware security design', 'first commercial chip based', 'open', 'market', 'hit']"
1aq4lah,"Replacement cartilage can grow in any shape with 3D-printed ""spheroids""",2024-02-14T14:53:05.949000+0000,https://www.reddit.com/r/tech/comments/1aq4lah/replacement_cartilage_can_grow_in_any_shape_with/,"['replacement cartilage', 'spheroids', 'shape', 'printed', 'grow', '3d']"
1aprvb2,"Chinese researchers develop calcium-based battery that lasts 700 cycles | Stable in the air at room temperature, the calcium-oxygen battery can be transformed into flexible fibers for next-gen wearables.",2024-02-14T06:34:16.148000+0000,https://www.reddit.com/r/tech/comments/1aprvb2/chinese_researchers_develop_calciumbased_battery/,"['chinese researchers develop calcium', 'lasts 700 cycles', 'room temperature', 'oxygen battery', 'gen wearables', 'flexible fibers', 'based battery', 'calcium', 'transformed', 'stable', 'next', 'air']"
1aq3geq,OpenAI CEO warns that 'societal misalignments' could make artificial intelligence dangerous,2024-02-13T21:07:53.955000+0000,https://www.reddit.com/r/tech/comments/1aq3geq/openai_ceo_warns_that_societal_misalignments/,"['could make artificial intelligence dangerous', 'openai ceo warns', 'societal misalignments']"
1aozkt0,"28-ton, 1.2-megawatt tidal kite is now exporting power to the grid",2024-02-13T12:04:27.407000+0000,https://www.reddit.com/r/tech/comments/1aozkt0/28ton_12megawatt_tidal_kite_is_now_exporting/,"['megawatt tidal kite', 'exporting power', 'ton', 'grid', '28', '2', '1']"
1ap2drh,Shining Laser Light on Glass Creates a Solar Cell | New energy and sensor applications could await,2024-02-13T20:21:39.876000+0000,https://www.reddit.com/r/tech/comments/1ap2drh/shining_laser_light_on_glass_creates_a_solar_cell/,"['sensor applications could await', 'shining laser light', 'solar cell', 'new energy', 'glass creates']"
1aop1vh,"Tokyo scientists create nanoscrolls for next-gen tech | Researchers achieved a major breakthrough by crafting nanoscrolls using Janus nanosheets. This innovation unlocks doors to exciting possibilities in catalysis, optics, and clean energy.",2024-02-12T13:05:41.010000+0000,https://www.reddit.com/r/tech/comments/1aop1vh/tokyo_scientists_create_nanoscrolls_for_nextgen/,"['crafting nanoscrolls using janus nanosheets', 'tokyo scientists create nanoscrolls', 'innovation unlocks doors', 'researchers achieved', 'major breakthrough', 'gen tech', 'exciting possibilities', 'clean energy', 'optics', 'next', 'catalysis']"
1apefk7,"Deep Space Station 13 at NASA’s Goldstone complex in California – part of the agency’s Deep Space Network – is an experimental antenna that has been retrofitted with an optical terminal. In a first, this proof of concept received both radio frequency & laser signals from deep space at the same time.",2024-02-16T21:30:26.446000+0000,https://www.reddit.com/r/tech/comments/1apefk7/deep_space_station_13_at_nasas_goldstone_complex/,"['deep space station 13', 'deep space network –', 'california – part', 'deep space', 'radio frequency', 'optical terminal', 'nasa ’', 'laser signals', 'goldstone complex', 'experimental antenna', 'concept received', 'agency ’', 'time', 'retrofitted', 'proof', 'first']"
1ao9qkg,'A mouse for your mouth': New device allows users to scroll with their tongues,2024-02-12T15:20:17.802000+0000,https://www.reddit.com/r/tech/comments/1ao9qkg/a_mouse_for_your_mouth_new_device_allows_users_to/,"[""mouth ': new device allows users"", 'tongues', 'scroll', 'mouse']"
1anikxm,"This ultrasound sticker senses changing stiffness of deep internal organs. The sticky, wearable sensor could help identify early signs of acute liver failure.",2024-02-12T02:14:12.599000+0000,https://www.reddit.com/r/tech/comments/1anikxm/this_ultrasound_sticker_senses_changing_stiffness/,"['wearable sensor could help identify early signs', 'ultrasound sticker senses changing stiffness', 'deep internal organs', 'acute liver failure', 'sticky']"
1amwuof,"In a First, a Prosthetic Limb Can Sense Temperature Like a Living Hand",2024-02-12T23:27:16.177000+0000,https://www.reddit.com/r/tech/comments/1amwuof/in_a_first_a_prosthetic_limb_can_sense/,"['sense temperature like', 'prosthetic limb', 'living hand', 'first']"
1amwhcv,Alternate qubit design does error correction in hardware. Early-stage technology has the potential to cut qubits needed for useful computers.,2024-02-11T14:55:20.790000+0000,https://www.reddit.com/r/tech/comments/1amwhcv/alternate_qubit_design_does_error_correction_in/,"['cut qubits needed', 'alternate qubit design', 'useful computers', 'stage technology', 'error correction', 'potential', 'hardware', 'early']"
1an27ye,Scientists develop a low-cost device to make cell therapy safer | A plastic microfluidic chip can remove some risky cells that could potentially become tumors before they are implanted in a patient.,2024-02-10T15:19:21.554000+0000,https://www.reddit.com/r/tech/comments/1an27ye/scientists_develop_a_lowcost_device_to_make_cell/,"['make cell therapy safer', 'could potentially become tumors', 'plastic microfluidic chip', 'scientists develop', 'risky cells', 'cost device', 'remove', 'patient', 'low', 'implanted']"
1ambhi8,"Gel and lithium-ion tech could enable 1000-mile EV range on one charge | Researchers achieve EV battery breakthrough with silicon-based materials and gel electrolytes, moving closer to a 1,000-kilometer range on a single charge.",2024-02-09T19:49:25.474000+0000,https://www.reddit.com/r/tech/comments/1ambhi8/gel_and_lithiumion_tech_could_enable_1000mile_ev/,"['ion tech could enable 1000', 'researchers achieve ev battery breakthrough', 'mile ev range', 'kilometer range', 'single charge', 'one charge', 'moving closer', 'based materials', 'gel electrolytes', 'gel', 'silicon', 'lithium', '1', '000']"
1alxzqy,Inhalable sensors could enable early lung cancer detection,2024-02-09T19:33:12.880000+0000,https://www.reddit.com/r/tech/comments/1alxzqy/inhalable_sensors_could_enable_early_lung_cancer/,['inhalable sensors could enable early lung cancer detection']
1altk5w,AI can now master your music—and it does shockingly well,2024-02-09T23:42:28.390000+0000,https://www.reddit.com/r/tech/comments/1altk5w/ai_can_now_master_your_musicand_it_does/,"['shockingly well', 'music —', 'master', 'ai']"
1alklva,CERN unleashes powerful robot-dog to inspect nuclear radiation zones,2024-01-23T15:43:10.795000+0000,https://www.reddit.com/r/tech/comments/1alklva/cern_unleashes_powerful_robotdog_to_inspect/,"['inspect nuclear radiation zones', 'cern unleashes powerful robot', 'dog']"
1al0z0l,Sugar cane waste converted into concrete-beating Sugarcrete | Substance has been incorporated into an eco-friendly building material,2024-02-09T00:57:15.446000+0000,https://www.reddit.com/r/tech/comments/1al0z0l/sugar_cane_waste_converted_into_concretebeating/,"['sugar cane waste converted', 'friendly building material', 'beating sugarcrete', 'substance', 'incorporated', 'eco', 'concrete']"
1alyut1,"Momentary Fusion Breakthroughs Face Hard Reality. New NIF data yields promise, though road to repeatability remains long.",2024-02-08T15:16:25.777000+0000,https://www.reddit.com/r/tech/comments/1alyut1/momentary_fusion_breakthroughs_face_hard_reality/,"['momentary fusion breakthroughs face hard reality', 'new nif data yields promise', 'repeatability remains long', 'though road']"
1al62mj,Researchers have developed a new method to extract high-quality iron using hydrogen plasma-based reduction to turn toxic red mud into iron that is pure enough for steelmaking.,2024-02-08T11:25:16.893000+0000,https://www.reddit.com/r/tech/comments/1al62mj/researchers_have_developed_a_new_method_to/,"['quality iron using hydrogen plasma', 'turn toxic red mud', 'pure enough', 'new method', 'extract high', 'based reduction', 'iron', 'steelmaking', 'researchers', 'developed']"
1akbgkc,"Korean researchers develop heat-resistant material that withstands 1000°C/1832°F | Not just high temperatures, the material also works well under extreme UV exposure making it ideal for applications in space too.",2024-02-08T02:12:46.934000+0000,https://www.reddit.com/r/tech/comments/1akbgkc/korean_researchers_develop_heatresistant_material/,"['korean researchers develop heat', 'extreme uv exposure making', 'withstands 1000 ° c', 'material also works well', '1832 ° f', 'resistant material', 'high temperatures', 'space', 'ideal', 'applications']"
1ak9pxq,AiSee wearable tells blind users what they're holding in their hand,2024-02-07T11:38:06.714000+0000,https://www.reddit.com/r/tech/comments/1ak9pxq/aisee_wearable_tells_blind_users_what_theyre/,"['aisee wearable tells blind users', 'holding', 'hand']"
1ajflwy,Experimental gene therapy allows kids with inherited deafness to hear,2024-02-08T15:54:58.764000+0000,https://www.reddit.com/r/tech/comments/1ajflwy/experimental_gene_therapy_allows_kids_with/,"['experimental gene therapy allows kids', 'inherited deafness', 'hear']"
1ajkgzg,"US firm plans to build 10,000 qubit quantum computer by 2026 | The first fault-tolerant quantum computer could be unveiled before the year end, marking an important milestone in the field.",2024-02-07T15:53:07.864000+0000,https://www.reddit.com/r/tech/comments/1ajkgzg/us_firm_plans_to_build_10000_qubit_quantum/,"['tolerant quantum computer could', '000 qubit quantum computer', 'us firm plans', 'year end', 'important milestone', 'first fault', 'build 10', 'unveiled', 'marking', 'field', '2026']"
1ajdrfo,This new piezoelectric bandage can heal broken bones faster | The future of bone healing could feature 'bone bandages' that harness piezoelectricity and natural minerals.,2024-02-06T14:48:12.279000+0000,https://www.reddit.com/r/tech/comments/1ajdrfo/this_new_piezoelectric_bandage_can_heal_broken/,"['heal broken bones faster', 'bone healing could feature', 'new piezoelectric bandage', 'bone bandages', 'natural minerals', 'harness piezoelectricity', 'future']"
1aincfc,This biodegradable sensor can tell if your food is safe from pesticides | The device could help ensure food safety in a world that faces food scarcity and health issues due to the excessive use of agrochemicals.,2024-01-23T15:43:10.795000+0000,https://www.reddit.com/r/tech/comments/1aincfc/this_biodegradable_sensor_can_tell_if_your_food/,"['device could help ensure food safety', 'faces food scarcity', 'health issues due', 'excessive use', 'biodegradable sensor', 'food', 'world', 'tell', 'safe', 'pesticides', 'agrochemicals']"
1ahxz80,NASA’s Next-Generation ISS Spacesuit Passes Zero-Gravity Test,2024-02-06T13:27:07.591000+0000,https://www.reddit.com/r/tech/comments/1ahxz80/nasas_nextgeneration_iss_spacesuit_passes/,"['generation iss spacesuit passes zero', 'nasa ’', 'gravity test', 'next']"
1ah4o2o,First functional human brain tissue produced through 3D printing | A team of researchers has created functional 3D-printed brain tissue to examine the brain's function and study various neurological disorders.,2024-02-05T12:43:22.621000+0000,https://www.reddit.com/r/tech/comments/1ah4o2o/first_functional_human_brain_tissue_produced/,"['first functional human brain tissue produced', 'study various neurological disorders', 'printed brain tissue', 'created functional 3d', '3d printing', 'brain', 'team', 'researchers', 'function', 'examine']"
1ah2i1c,"Nanoparticle Skin Patch Monitors Tumor Size During Cancer Care | The nanoparticle-infused skin patch can send its data to a smartphone, making tumor monitoring even easier.",2024-02-05T16:24:11.990000+0000,https://www.reddit.com/r/tech/comments/1ah2i1c/nanoparticle_skin_patch_monitors_tumor_size/,"['nanoparticle skin patch monitors tumor size', 'making tumor monitoring even easier', 'infused skin patch', 'cancer care', 'nanoparticle', 'smartphone', 'send', 'data']"
1ah2956,Infrared Sensors Can Now Peer Around Corners | Non-line-of-sight imaging is no longer restricted to visible wavelengths of light,2024-02-05T10:51:54.153000+0000,https://www.reddit.com/r/tech/comments/1ah2956/infrared_sensors_can_now_peer_around_corners/,"['peer around corners', 'visible wavelengths', 'sight imaging', 'longer restricted', 'infrared sensors', 'non', 'line', 'light']"
1agnias,Imaging method reveals new cells and structures in human brain tissue. A new microscopy technique that enables high-resolution imaging could one day help doctors diagnose and treat brain tumors.,2024-02-04T12:59:13.110000+0000,https://www.reddit.com/r/tech/comments/1agnias/imaging_method_reveals_new_cells_and_structures/,"['resolution imaging could one day help doctors diagnose', 'imaging method reveals new cells', 'new microscopy technique', 'treat brain tumors', 'human brain tissue', 'enables high', 'structures']"
1agetuk,The European Space Agency will test 3D printing metal on the ISS,2024-02-03T15:00:22.894000+0000,https://www.reddit.com/r/tech/comments/1agetuk/the_european_space_agency_will_test_3d_printing/,"['test 3d printing metal', 'european space agency', 'iss']"
1agghs3,"HaLow Wi-Fi standard achieves 1.8-mile range in field test | Ultra-long range could support public Wi-Fi, IoT, smart buildings, and more",2024-02-02T14:15:51.447000+0000,https://www.reddit.com/r/tech/comments/1agghs3/halow_wifi_standard_achieves_18mile_range_in/,"['long range could support public wi', 'fi standard achieves 1', 'mile range', 'halow wi', 'smart buildings', 'field test', 'fi', 'ultra', 'iot', '8']"
1agcqw8,Can a Brain Implant Treat Addiction? Some experts tout deep brain stimulation as a lifeline for people struggling with opioid use. Others question the hype.,2024-02-02T12:26:41.736000+0000,https://www.reddit.com/r/tech/comments/1agcqw8/can_a_brain_implant_treat_addiction_some_experts/,"['experts tout deep brain stimulation', 'brain implant treat addiction', 'people struggling', 'others question', 'opioid use', 'lifeline', 'hype']"
1agdn18,"NASA's RST next-gen imaging tech lets experts directly view exoplanets | NASA's Roman Space Telescope, featuring the novel Coronagraph Instrument, is set to transform exoplanet imaging, pushing the boundaries of space exploration.",2024-01-22T19:51:08.415000+0000,https://www.reddit.com/r/tech/comments/1agdn18/nasas_rst_nextgen_imaging_tech_lets_experts/,"['gen imaging tech lets experts directly view exoplanets', 'transform exoplanet imaging', 'novel coronagraph instrument', 'roman space telescope', 'space exploration', 'rst next', 'set', 'pushing', 'nasa', 'nasa', 'featuring', 'boundaries']"
1afjsxn,"How bacteria and self-healing roads could soon fix the UK’s 750,000 potholes",2024-02-02T12:12:07.803000+0000,https://www.reddit.com/r/tech/comments/1afjsxn/how_bacteria_and_selfhealing_roads_could_soon_fix/,"['healing roads could soon fix', 'uk ’', '000 potholes', 'self', 'bacteria', '750']"
1afkz22,"Phone vibration motor used to build 3D tumor model for cancer drug testing | Researchers pioneer a $7 DIY device, using a cell phone motor, for high-throughput 3D tumor spheroid creation, revolutionizing anti-cancer drug testing.",2024-02-01T22:24:43.389000+0000,https://www.reddit.com/r/tech/comments/1afkz22/phone_vibration_motor_used_to_build_3d_tumor/,"['throughput 3d tumor spheroid creation', 'build 3d tumor model', 'phone vibration motor used', 'cell phone motor', 'cancer drug testing', 'cancer drug testing', '7 diy device', 'revolutionizing anti', 'researchers pioneer', 'using', 'high']"
1afkx0i,"WaveAerospace has announced ""the world's fastest multirotor UAS,"" a ""new class of aircraft"" | A quadcopter drone with a 300+ mph jet turbine in the middle, capable of all-weather operation.",2024-02-01T16:21:56.708000+0000,https://www.reddit.com/r/tech/comments/1afkx0i/waveaerospace_has_announced_the_worlds_fastest/,"['fastest multirotor uas ,""', 'mph jet turbine', 'weather operation', 'quadcopter drone', 'new class', 'world', 'waveaerospace', 'middle', 'capable', 'announced', 'aircraft', '300']"
1afi56c,"The New, New Transistor. In power electronics, aluminum nitride could overtake two powerhouses that only recently bested silicon.",2024-02-01T17:30:58.401000+0000,https://www.reddit.com/r/tech/comments/1afi56c/the_new_new_transistor_in_power_electronics/,"['aluminum nitride could overtake two powerhouses', 'recently bested silicon', 'power electronics', 'new transistor', 'new']"
1af9joc,DNA particles that mimic viruses hold promise as vaccines,2024-02-01T14:51:04.478000+0000,https://www.reddit.com/r/tech/comments/1af9joc/dna_particles_that_mimic_viruses_hold_promise_as/,"['mimic viruses hold promise', 'dna particles', 'vaccines']"
1aeq46d,"RTX CHIMERA new microwave fries drone target during White Sands testing | Throughout a three-week field test, Raytheon's CHIMERA high-powered microwave system managed to fry static targets and track aerial targets flawlessly.",2024-02-01T15:30:42.277000+0000,https://www.reddit.com/r/tech/comments/1aeq46d/rtx_chimera_new_microwave_fries_drone_target/,"['rtx chimera new microwave fries drone target', 'powered microwave system managed', 'track aerial targets flawlessly', 'fry static targets', 'white sands testing', 'week field test', 'chimera high', 'throughout', 'three', 'raytheon']"
1aemspz,"Researchers developed a battery-free sensor that reacts to sound waves, producing vibrational energy to power an electronic device | The novel sensor would not only reduce battery waste but could also power medical devices like cochlear implants or monitor buildings for faults.",2024-01-31T15:01:31.976000+0000,https://www.reddit.com/r/tech/comments/1aemspz/researchers_developed_a_batteryfree_sensor_that/,"['could also power medical devices like cochlear implants', 'producing vibrational energy', 'novel sensor would', 'reduce battery waste', 'power', 'free sensor', 'sound waves', 'researchers developed', 'monitor buildings', 'electronic device', 'battery', 'reacts', 'faults']"
1adtsmi,"A breakthrough clinical trial using gene therapy has restored hearing to five children born deaf | After six months, the children were able to recognize speech and hold conversations, raising hopes for wider use in the near future.",2024-01-31T15:52:32.967000+0000,https://www.reddit.com/r/tech/comments/1adtsmi/a_breakthrough_clinical_trial_using_gene_therapy/,"['breakthrough clinical trial using gene therapy', 'five children born deaf', 'wider use', 'six months', 'restored hearing', 'recognize speech', 'raising hopes', 'near future', 'hold conversations', 'children', 'able']"
1adyjut,It turns out NASA’s Mars helicopter was much more revolutionary than we knew | Ingenuity packed more computing power than all other NASA deep space missions combined.,2024-01-04T14:49:58.179000+0000,https://www.reddit.com/r/tech/comments/1adyjut/it_turns_out_nasas_mars_helicopter_was_much_more/,"['nasa deep space missions combined', 'nasa ’', 'mars helicopter', 'ingenuity packed', 'computing power', 'turns', 'revolutionary', 'much', 'knew']"
1adtlc2,"China creates atomic clock that will run error-free for 7.2 billion years | Using strontium and ultra-stable lasers, the researchers have built an optical clock, the second of its kind in the world.",2024-01-31T15:50:13.501000+0000,https://www.reddit.com/r/tech/comments/1adtlc2/china_creates_atomic_clock_that_will_run/,"['china creates atomic clock', '2 billion years', 'optical clock', 'using strontium', 'stable lasers', 'run error', 'world', 'ultra', 'second', 'researchers', 'kind', 'free', 'built', '7']"
1ad5kow,"DNA From the Ocean’s ‘Twilight Zone’ Could Lead to New Lifesaving Drugs, Scientists Say. Researchers catalogued the genes of more than 300 million groups of marine bacteria, viruses and fungi in hopes that the database could lead to breakthroughs in medicine, energy and agriculture.",2024-01-31T13:43:26.627000+0000,https://www.reddit.com/r/tech/comments/1ad5kow/dna_from_the_oceans_twilight_zone_could_lead_to/,"['‘ twilight zone ’ could lead', 'database could lead', 'new lifesaving drugs', '300 million groups', 'ocean ’', 'scientists say', 'researchers catalogued', 'marine bacteria', 'viruses', 'medicine', 'hopes', 'genes', 'fungi', 'energy', 'dna', 'breakthroughs', 'agriculture']"
1add4yt,1/100th of the cost: CPU startup Tachyum claims that one of its processing units can rival dozens of Nvidia H200 GPUs — with a 99% saving that could turn the AI market on its head if true,2024-01-31T04:48:19.168000+0000,https://www.reddit.com/r/tech/comments/1add4yt/1100th_of_the_cost_cpu_startup_tachyum_claims/,"['nvidia h200 gpus —', 'cpu startup tachyum claims', 'rival dozens', 'processing units', 'could turn', 'ai market', 'true', 'saving', 'one', 'head', 'cost', '99', '100th', '1']"
1acpwdi,Disney offers an elegant solution to VR’s movement problem | TechCrunch,2024-01-30T14:49:26.444000+0000,https://www.reddit.com/r/tech/comments/1acpwdi/disney_offers_an_elegant_solution_to_vrs_movement/,"['vr ’', 'movement problem', 'elegant solution', 'disney offers', 'techcrunch']"
1acbhjt,"NASA’s Ingenuity Mars Helicopter Has Taken Its Final Flight. Originally designed for up to five flights on Mars, Ingenuity performed 72 over three years, until one of its rotor blades was damaged during landing on January 18.",2024-01-30T12:00:53.261000+0000,https://www.reddit.com/r/tech/comments/1acbhjt/nasas_ingenuity_mars_helicopter_has_taken_its/,"['ingenuity performed 72', 'ingenuity mars helicopter', 'three years', 'rotor blades', 'originally designed', 'nasa ’', 'january 18', 'five flights', 'final flight', 'mars', 'taken', 'one', 'landing', 'damaged']"
1abh0ct,"First AI-powered handheld medical device to assist physicians in detecting all three common skin cancers: basal cell carcinoma, squamous cell carcinoma, and melanoma.",2024-01-29T12:06:58.918000+0000,https://www.reddit.com/r/tech/comments/1abh0ct/first_aipowered_handheld_medical_device_to_assist/,"['three common skin cancers', 'powered handheld medical device', 'squamous cell carcinoma', 'basal cell carcinoma', 'first ai', 'assist physicians', 'melanoma', 'detecting']"
19fazmd,World's 1st rhino pregnancy via embryo transfer offers hope to save species | Wildlife conservationists hail this groundbreaking achievement and see it as a potential step toward the protection of the critically endangered northern white rhino.,2024-01-29T15:55:09.541000+0000,https://www.reddit.com/r/tech/comments/19fazmd/worlds_1st_rhino_pregnancy_via_embryo_transfer/,"['1st rhino pregnancy via embryo transfer offers hope', 'critically endangered northern white rhino', 'wildlife conservationists hail', 'potential step toward', 'save species', 'groundbreaking achievement', 'world', 'see', 'protection']"
19f9mgt,Airborne infection risk plummets in face of metal nanoparticle spray | Silver oxide and copper oxide sprays provide a greater than 99% antiviral activity during a 24-hour period examined in the study.,2024-01-29T11:55:29.232000+0000,https://www.reddit.com/r/tech/comments/19f9mgt/airborne_infection_risk_plummets_in_face_of_metal/,"['airborne infection risk plummets', 'copper oxide sprays provide', 'metal nanoparticle spray', 'hour period examined', 'silver oxide', 'antiviral activity', 'study', 'greater', 'face', '99', '24']"
19fend9,Urease-powered nanobots for radionuclide bladder cancer therapy,2024-01-02T18:40:22.613000+0000,https://www.reddit.com/r/tech/comments/19fend9/ureasepowered_nanobots_for_radionuclide_bladder/,"['radionuclide bladder cancer therapy', 'powered nanobots', 'urease']"
19eg3rh,Gene Therapy Allows an 11-Year-Old Boy to Hear for the First Time,2024-01-28T15:49:57.262000+0000,https://www.reddit.com/r/tech/comments/19eg3rh/gene_therapy_allows_an_11yearold_boy_to_hear_for/,"['gene therapy allows', 'old boy', 'first time', 'year', 'hear', '11']"
19dnff8,Lightweight woven antenna could replace field-deployed dishes | A multi-stable deployable quadrifilar helix antenna with radiation reconfigurability for disaster-prone areas,2024-01-28T21:07:42.401000+0000,https://www.reddit.com/r/tech/comments/19dnff8/lightweight_woven_antenna_could_replace/,"['lightweight woven antenna could replace field', 'stable deployable quadrifilar helix antenna', 'radiation reconfigurability', 'prone areas', 'deployed dishes', 'multi', 'disaster']"
19dpcdy,Vibrating belt that treats low bone density gets FDA approval | The device is the first of its kind to provide a medication-free treatment option for post-menopausal women that have weakened bones.,2024-01-28T00:47:32.013000+0000,https://www.reddit.com/r/tech/comments/19dpcdy/vibrating_belt_that_treats_low_bone_density_gets/,"['treats low bone density gets fda approval', 'free treatment option', 'weakened bones', 'vibrating belt', 'menopausal women', 'provide', 'post', 'medication', 'kind', 'first', 'device']"
19cyp2d,"Liquid RAM Flexes for Wearables, Robots, Implants. A non-volatile version could be on its way, too.",2024-01-27T14:02:40.240000+0000,https://www.reddit.com/r/tech/comments/19cyp2d/liquid_ram_flexes_for_wearables_robots_implants_a/,"['volatile version could', 'liquid ram flexes', 'wearables', 'way', 'robots', 'non', 'implants']"
19czkxx,"BT Group Converts Telecom Infrastructure to EV Chargers | The telecom giant says 60,000 curbside cabinets could be adapted",2024-01-26T12:16:36.607000+0000,https://www.reddit.com/r/tech/comments/19czkxx/bt_group_converts_telecom_infrastructure_to_ev/,"['bt group converts telecom infrastructure', 'telecom giant says 60', '000 curbside cabinets could', 'ev chargers', 'adapted']"
19cj9rr,Researchers transform polluted water into fuel with urea removal | WPI researchers are turning the tide on water pollution. Their material efficiently removes urea and holds the key to turning it into clean hydrogen fuel.,2024-01-25T14:47:08.165000+0000,https://www.reddit.com/r/tech/comments/19cj9rr/researchers_transform_polluted_water_into_fuel/,"['material efficiently removes urea', 'researchers transform polluted water', 'clean hydrogen fuel', 'wpi researchers', 'water pollution', 'urea removal', 'fuel', 'turning', 'turning', 'tide', 'key', 'holds']"
19c5r5r,Diodes at Right Angles Double Autofocus Capacity. Canon twists photosensor rules to build new tech from familiar parts.,2024-01-25T13:42:56.383000+0000,https://www.reddit.com/r/tech/comments/19c5r5r/diodes_at_right_angles_double_autofocus_capacity/,"['right angles double autofocus capacity', 'canon twists photosensor rules', 'build new tech', 'familiar parts', 'diodes']"
19c1zhq,Urea-powered nanorobots reduce bladder tumors by 90% in mice,2024-01-25T17:27:08.895000+0000,https://www.reddit.com/r/tech/comments/19c1zhq/ureapowered_nanorobots_reduce_bladder_tumors_by/,"['powered nanorobots reduce bladder tumors', 'urea', 'mice', '90']"
19bgdt0,Flying Kites Deliver Container-Size Power Generation. Automated wind-energy system brings portable renewables off-grid.,2024-02-16T21:30:26.446000+0000,https://www.reddit.com/r/tech/comments/19bgdt0/flying_kites_deliver_containersize_power/,"['energy system brings portable renewables', 'flying kites deliver container', 'size power generation', 'automated wind', 'grid']"
19awd7f,Researchers develop world's first functioning graphene semiconductor | Breakthrough could eventually lead to terahertz processors,2024-01-24T12:35:54.048000+0000,https://www.reddit.com/r/tech/comments/19awd7f/researchers_develop_worlds_first_functioning/,"['first functioning graphene semiconductor', 'breakthrough could eventually lead', 'researchers develop world', 'terahertz processors']"
19aw6pu,Experts craft life-saving 'robot medics' for triage in high-risk places,2024-01-23T12:34:35.224000+0000,https://www.reddit.com/r/tech/comments/19aw6pu/experts_craft_lifesaving_robot_medics_for_triage/,"['experts craft life', 'robot medics', 'risk places', 'triage', 'saving', 'high']"
19ajjit,The next generation of nuclear reactors is getting more advanced. Here’s how.,2024-01-23T14:14:21.856000+0000,https://www.reddit.com/r/tech/comments/19ajjit/the_next_generation_of_nuclear_reactors_is/,"['nuclear reactors', 'next generation', '’', 'getting', 'advanced']"
19a81tm,Researchers develop artificial 'power plants' in the form of tiny leaf-shapes to harness energy from the wind and rain.,2024-01-22T15:51:46.841000+0000,https://www.reddit.com/r/tech/comments/19a81tm/researchers_develop_artificial_power_plants_in/,"['researchers develop artificial', 'tiny leaf', 'power plants', 'harness energy', 'wind', 'shapes', 'rain', 'form']"
199oo7c,"Crop Health Sensor Runs on Solar, Microbe Power | Electrical measurements on plant stem enable better water resource monitoring",2024-01-22T16:29:13.268000+0000,https://www.reddit.com/r/tech/comments/199oo7c/crop_health_sensor_runs_on_solar_microbe_power/,"['plant stem enable better water resource monitoring', 'crop health sensor runs', 'microbe power', 'electrical measurements', 'solar']"
199odht,EU breakthrough laser beams could power nanosatellites in space wirelessly | The research project demonstrated a power output of 20 watts using a fiber-optic laser and aims to increase this to kilowatts in the future.,2024-01-22T01:06:44.980000+0000,https://www.reddit.com/r/tech/comments/199odht/eu_breakthrough_laser_beams_could_power/,"['eu breakthrough laser beams could power nanosatellites', 'research project demonstrated', '20 watts using', 'power output', 'optic laser', 'space wirelessly', 'kilowatts', 'increase', 'future', 'fiber', 'aims']"
198v99i,"""Dirt-powered fuel cell"" draws near-limitless energy from soil | Paperback-sized device that nestles in soil, harvests power created as microbes break down dirt.",2024-01-21T15:26:42.931000+0000,https://www.reddit.com/r/tech/comments/198v99i/dirtpowered_fuel_cell_draws_nearlimitless_energy/,"['powered fuel cell', 'harvests power created', 'sized device', 'microbes break', 'limitless energy', 'draws near', 'soil', 'soil', 'paperback', 'nestles', 'dirt', 'dirt']"
198v1gl,"Researchers use wireless sensor 5 times thinner than hair to map brain | UC San Diego researchers unveil a revolutionary brain monitoring system, enabling high-resolution, wireless recording in deep brain structures for diverse clinical applications.",2024-01-21T12:03:08.559000+0000,https://www.reddit.com/r/tech/comments/198v1gl/researchers_use_wireless_sensor_5_times_thinner/,"['researchers use wireless sensor 5 times thinner', 'uc san diego researchers unveil', 'revolutionary brain monitoring system', 'diverse clinical applications', 'deep brain structures', 'wireless recording', 'map brain', 'enabling high', 'resolution', 'hair']"
1984zdt,Mesh Wearables Meld Micro Sensors and LoRa Smarts. Say goodbye to box-and-strap wearable tech of old.,2023-12-08T16:33:13.457000+0000,https://www.reddit.com/r/tech/comments/1984zdt/mesh_wearables_meld_micro_sensors_and_lora_smarts/,"['mesh wearables meld micro sensors', 'strap wearable tech', 'say goodbye', 'lora smarts', 'old', 'box']"
197ccra,Daimler Truck Fuels Big Rigs With Hydrogen GenH2’s fuel-cell-powered semi will hit German roads by middle of this year,2024-01-20T17:06:11.598000+0000,https://www.reddit.com/r/tech/comments/197ccra/daimler_truck_fuels_big_rigs_with_hydrogen_genh2s/,"['daimler truck fuels big rigs', 'hydrogen genh2 ’', 'hit german roads', 'powered semi', 'year', 'middle', 'fuel', 'cell']"
196fcxp,MIT’s New Desalination System Produces Freshwater That Is “Cheaper Than Tap Water”,2024-01-19T22:55:44.640000+0000,https://www.reddit.com/r/tech/comments/196fcxp/mits_new_desalination_system_produces_freshwater/,"['new desalination system produces freshwater', 'tap water ”', '“ cheaper', 'mit ’']"
196fba6,Biotagging method for animal identification using dissolvable microneedle arrays prepared by customisable moulds,2024-01-19T22:48:09.733000+0000,https://www.reddit.com/r/tech/comments/196fba6/biotagging_method_for_animal_identification_using/,"['animal identification using dissolvable microneedle arrays prepared', 'customisable moulds', 'biotagging method']"
195pom2,The innovation that gets an Alzheimer’s drug through the blood-brain barrier. Focused ultrasound is just one strategy researchers are using to get drugs into the brain.,2024-01-19T13:50:52.423000+0000,https://www.reddit.com/r/tech/comments/195pom2/the_innovation_that_gets_an_alzheimers_drug/,"['one strategy researchers', 'get drugs', 'focused ultrasound', 'alzheimer ’', 'brain barrier', 'brain', 'using', 'innovation', 'gets', 'drug', 'blood']"
195j95f,Autophage rocket engine consumes plastic fuselage for fuel,2024-01-19T02:22:31.773000+0000,https://www.reddit.com/r/tech/comments/195j95f/autophage_rocket_engine_consumes_plastic_fuselage/,"['autophage rocket engine consumes plastic fuselage', 'fuel']"
194u6e1,"""Millennium Camera"" to take a 1,000-year long-exposure photo",2024-01-18T12:06:20.236000+0000,https://www.reddit.com/r/tech/comments/194u6e1/millennium_camera_to_take_a_1000year_longexposure/,"['year long', 'millennium camera', 'exposure photo', 'take', '1', '000']"
194hvcu,"Researchers trap CO2 from air into nanofibers to prevent its release | The two-step process also produces hydrogen gas as a by-product, which could also be used as a zero-emission fuel.",2024-01-18T11:48:58.385000+0000,https://www.reddit.com/r/tech/comments/194hvcu/researchers_trap_co2_from_air_into_nanofibers_to/,"['step process also produces hydrogen gas', 'researchers trap co2', 'could also', 'emission fuel', 'zero', 'used', 'two', 'release', 'product', 'prevent', 'nanofibers', 'air']"
1949o4t,Innovative design achieves tenfold better resolution for functional MRI brain imaging,2024-01-17T12:18:24.736000+0000,https://www.reddit.com/r/tech/comments/1949o4t/innovative_design_achieves_tenfold_better/,"['innovative design achieves tenfold better resolution', 'functional mri brain imaging']"
194imwe,How Microsoft found a potential new battery material using AI,2024-01-22T19:51:08.415000+0000,https://www.reddit.com/r/tech/comments/194imwe/how_microsoft_found_a_potential_new_battery/,"['potential new battery material using ai', 'microsoft found']"
1940hv0,"E-Nose Sniffs Out Coffee Varieties Nearly Perfectly | Like Shazam but for java, the tech can help quantify coffee signatures",2024-01-17T12:05:35.350000+0000,https://www.reddit.com/r/tech/comments/1940hv0/enose_sniffs_out_coffee_varieties_nearly/,"['help quantify coffee signatures', 'coffee varieties nearly perfectly', 'nose sniffs', 'like shazam', 'tech', 'java', 'e']"
19393xw,10x Stronger Than Kevlar: Amorphous Silicon Carbide Could Revolutionize Material Science,2024-01-16T15:06:16.323000+0000,https://www.reddit.com/r/tech/comments/19393xw/10x_stronger_than_kevlar_amorphous_silicon/,"['amorphous silicon carbide could revolutionize material science', '10x stronger', 'kevlar']"
1936gzk,Qualcomm's first-of-its-kind SoC can handle infotainment and ADAS on one chip,2024-01-15T16:09:46.683000+0000,https://www.reddit.com/r/tech/comments/1936gzk/qualcomms_firstofitskind_soc_can_handle/,"['one chip', 'kind soc', 'handle infotainment', 'qualcomm', 'first', 'adas']"
192kjg0,"Solid-state battery design offers 6,000 cycles and 10-minute charge | The design solves dendrite-related issues by creating a multilayer battery with diverse materials and managing dendrites by containment.",2024-01-14T12:59:48.503000+0000,https://www.reddit.com/r/tech/comments/192kjg0/solidstate_battery_design_offers_6000_cycles_and/,"['state battery design offers 6', 'design solves dendrite', 'multilayer battery', 'related issues', 'minute charge', 'managing dendrites', 'diverse materials', '000 cycles', 'solid', 'creating', 'containment', '10']"
192efjm,Air-steered X-65 jet from DARPA enters manufacturing phase,2024-01-14T12:57:08.307000+0000,https://www.reddit.com/r/tech/comments/192efjm/airsteered_x65_jet_from_darpa_enters/,"['darpa enters manufacturing phase', 'steered x', '65 jet', 'air']"
191qrib,A light sail that could one day propel small spacecraft through interstellar realms is headed to the International Space Station and will be tested by astronauts on behalf of Cornell’s Space Systems Design Studio.,2024-01-13T14:53:52.799000+0000,https://www.reddit.com/r/tech/comments/191qrib/a_light_sail_that_could_one_day_propel_small/,"['could one day propel small spacecraft', 'space systems design studio', 'international space station', 'light sail', 'interstellar realms', 'cornell ’', 'tested', 'headed', 'behalf', 'astronauts']"
191b8t3,These AI-powered apps can hear the cause of a cough,2024-01-13T08:15:55.498000+0000,https://www.reddit.com/r/tech/comments/191b8t3/these_aipowered_apps_can_hear_the_cause_of_a_cough/,"['powered apps', 'hear', 'cough', 'cause', 'ai']"
190wtkh,Silk-Based Transistors For Hybrid Applications. Silk incorporated as insulators could grant new sensing abilities to transistors.,2024-01-12T12:43:58.936000+0000,https://www.reddit.com/r/tech/comments/190wtkh/silkbased_transistors_for_hybrid_applications/,"['insulators could grant new sensing abilities', 'hybrid applications', 'silk incorporated', 'based transistors', 'transistors', 'silk']"
19095ad,"Wearable Robotic Exosuit Improves Walking for Individuals With Parkinson’s Disease | Robotic exosuit eliminated gait freezing, a common and highly debilitating symptom.",2024-02-12T20:45:02.837000+0000,https://www.reddit.com/r/tech/comments/19095ad/wearable_robotic_exosuit_improves_walking_for/,"['wearable robotic exosuit improves walking', 'robotic exosuit eliminated gait freezing', 'highly debilitating symptom', 'parkinson ’', 'individuals', 'disease', 'common']"
18zyj4t,Eye-tracking window tech tells sightseers about what they're looking at,2024-01-12T00:53:31.038000+0000,https://www.reddit.com/r/tech/comments/18zyj4t/eyetracking_window_tech_tells_sightseers_about/,"['tracking window tech tells sightseers', 'looking', 'eye']"
18z5end,‘Smart tweezer’ can pluck out single bacterium target from microbiome,2024-01-11T19:09:39.707000+0000,https://www.reddit.com/r/tech/comments/18z5end/smart_tweezer_can_pluck_out_single_bacterium/,"['‘ smart tweezer ’', 'single bacterium target', 'pluck', 'microbiome']"
18yc3yv,"In a breakthrough, diabetics’ damaged cells regenerated to produce insulin | The discovery could mean that, one day, diabetics won't need to take multiple daily insulin injections.",2024-01-12T01:28:47.080000+0000,https://www.reddit.com/r/tech/comments/18yc3yv/in_a_breakthrough_diabetics_damaged_cells/,"['take multiple daily insulin injections', 'diabetics ’ damaged cells regenerated', 'discovery could mean', 'produce insulin', 'one day', 'diabetics', 'need', 'breakthrough']"
18ymjpj,World's first partial heart transplant grows valves and arteries | This method can 'potentially double the number of hearts that are used for the benefit of children with heart disease.',2024-01-11T12:24:08.117000+0000,https://www.reddit.com/r/tech/comments/18ymjpj/worlds_first_partial_heart_transplant_grows/,"['first partial heart transplant grows valves', ""heart disease .'"", 'potentially double', 'world', 'used', 'number', 'method', 'hearts', 'children', 'benefit', 'arteries']"
18ybfmm,Non-toxic materials open door for better cameras on consumer electronics | Researchers from ICFO and Qurv have developed a new type of quantum dots that are non-toxic and phosphine-free and can achieve high performance in the SWIR range.,2024-01-10T14:09:40.036000+0000,https://www.reddit.com/r/tech/comments/18ybfmm/nontoxic_materials_open_door_for_better_cameras/,"['toxic materials open door', 'achieve high performance', 'swir range', 'quantum dots', 'new type', 'consumer electronics', 'better cameras', 'toxic', 'researchers', 'qurv', 'phosphine', 'non', 'non', 'icfo', 'free', 'developed']"
18xo622,Scientists invent heat-controlling circuitry that keeps electronics cool,2024-01-10T11:47:39.675000+0000,https://www.reddit.com/r/tech/comments/18xo622/scientists_invent_heatcontrolling_circuitry_that/,"['scientists invent heat', 'keeps electronics cool', 'controlling circuitry']"
18xnv3s,"Researchers have successfully engineered the world's first functional semiconductor using graphene | In the 21st century, the pursuit is to develop electronic devices that are both smaller and faster, whether for applications in the medical sector or robotics.",2024-01-09T17:43:13.780000+0000,https://www.reddit.com/r/tech/comments/18xnv3s/researchers_have_successfully_engineered_the/,"['first functional semiconductor using graphene', 'develop electronic devices', 'successfully engineered', 'medical sector', '21st century', 'world', 'whether', 'smaller', 'robotics', 'researchers', 'pursuit', 'faster', 'applications']"
18wys6z,"SR-72: US secret hypersonic jet to allegedly break sound barrier in 2025 | Believed to be a top-secret project of the US Air Force, the SR-72 is touted to reach over 4,000 mph (6,437 kph), making it the fastest plane ever developed.",2024-01-09T13:14:09.367000+0000,https://www.reddit.com/r/tech/comments/18wys6z/sr72_us_secret_hypersonic_jet_to_allegedly_break/,"['fastest plane ever developed', 'allegedly break sound barrier', '437 kph ), making', 'us secret hypersonic jet', 'us air force', 'secret project', '000 mph', 'touted', 'top', 'sr', 'sr', 'reach', 'believed', '72', '72', '6', '4', '2025']"
18wcqji,Nanotech Energy announces 18650 lithium-ion battery that resists burning down homes and cars,2023-12-08T16:33:13.457000+0000,https://www.reddit.com/r/tech/comments/18wcqji/nanotech_energy_announces_18650_lithiumion/,"['nanotech energy announces 18650 lithium', 'resists burning', 'ion battery', 'homes', 'cars']"
18vzsdn,"In a new study, Cornell scientists show that genetically engineering bacteria could improve the efficiency for the purification of elements found in smartphones, computers, electric cars and wind turbines, and could even boost global economic supply chains.",2024-01-08T17:36:21.454000+0000,https://www.reddit.com/r/tech/comments/18vzsdn/in_a_new_study_cornell_scientists_show_that/,"['could even boost global economic supply chains', 'genetically engineering bacteria could improve', 'cornell scientists show', 'wind turbines', 'new study', 'elements found', 'electric cars', 'smartphones', 'purification', 'efficiency', 'computers']"
18uhv4b,"A high-tech mouthguard that might help prevent concussions. Designed for athletes and soldiers, this new device provides real-time measurements of head impacts, reducing the risk of traumatic brain injury.",2024-01-08T03:25:04.471000+0000,https://www.reddit.com/r/tech/comments/18uhv4b/a_hightech_mouthguard_that_might_help_prevent/,"['new device provides real', 'might help prevent concussions', 'traumatic brain injury', 'time measurements', 'tech mouthguard', 'head impacts', 'soldiers', 'risk', 'reducing', 'high', 'designed', 'athletes']"
18tqz3n,Scientists develop 'flying dragon' robot to fight fires from a distance,2024-01-07T17:08:46.072000+0000,https://www.reddit.com/r/tech/comments/18tqz3n/scientists_develop_flying_dragon_robot_to_fight/,"['scientists develop', 'flying dragon', 'fight fires', 'robot', 'distance']"
18tmnxh,Physicists upgrade world's biggest atom smasher to probe dark photons | The Compact Muon Solenoid (CMS) ongoing Run 3 experiment has presented its initial findings about the elusive dark photons.,2024-01-06T20:22:17.648000+0000,https://www.reddit.com/r/tech/comments/18tmnxh/physicists_upgrade_worlds_biggest_atom_smasher_to/,"['ongoing run 3 experiment', 'probe dark photons', 'physicists upgrade world', 'elusive dark photons', 'compact muon solenoid', 'biggest atom smasher', 'initial findings', 'presented', 'cms']"
18t51pq,The first EV with a lithium-free sodium battery hits the road in January,2024-01-06T11:59:27.560000+0000,https://www.reddit.com/r/tech/comments/18t51pq/the_first_ev_with_a_lithiumfree_sodium_battery/,"['free sodium battery hits', 'first ev', 'road', 'lithium', 'january']"
18tanws,"High-tech mouthguard with sensors redefines safety in sports, military | A cutting-edge mouthguard designed for athletes and soldiers is preventing concussions by 'sensing' real-time head impacts.",2024-01-05T12:07:41.352000+0000,https://www.reddit.com/r/tech/comments/18tanws/hightech_mouthguard_with_sensors_redefines_safety/,"['time head impacts', 'sensors redefines safety', 'edge mouthguard designed', 'tech mouthguard', 'preventing concussions', 'sports', 'soldiers', 'sensing', 'real', 'military', 'high', 'cutting', 'athletes']"
18ss7tf,"CERN's LHC to explore new frontiers with US-made superconducting magnets | The upgrade, known as the high-luminosity LHC (HL-LHC), will require new types of magnets to focus the beams of protons more tightly at the collision points of the ATLAS and CMS experiments.",2024-01-04T12:33:19.234000+0000,https://www.reddit.com/r/tech/comments/18ss7tf/cerns_lhc_to_explore_new_frontiers_with_usmade/,"['require new types', 'explore new frontiers', 'made superconducting magnets', 'collision points', 'cms experiments', 'luminosity lhc', 'lhc ),', 'magnets', 'lhc', 'us', 'upgrade', 'tightly', 'protons', 'known', 'hl', 'high', 'focus', 'cern', 'beams', 'atlas']"
18sx3yn,This E-tongue mimicks human taste and recommends wine with different foods | Scientists pave the way for new culinary frontiers.,2024-01-04T20:08:14.027000+0000,https://www.reddit.com/r/tech/comments/18sx3yn/this_etongue_mimicks_human_taste_and_recommends/,"['tongue mimicks human taste', 'new culinary frontiers', 'scientists pave', 'recommends wine', 'different foods', 'way', 'e']"
18s4n14,Moderna’s mRNA cancer vaccine works even better than thought,2024-02-16T21:30:26.446000+0000,https://www.reddit.com/r/tech/comments/18s4n14/modernas_mrna_cancer_vaccine_works_even_better/,"['mrna cancer vaccine works even better', 'moderna ’', 'thought']"
18s2jjn,Molecular jackhammers’ ‘good vibrations’ eradicate cancer cells. Light-induced whole-molecule vibration can rupture melanoma cells’ membrane.,2024-01-04T11:56:05.807000+0000,https://www.reddit.com/r/tech/comments/18s2jjn/molecular_jackhammers_good_vibrations_eradicate/,"['molecular jackhammers ’ ‘ good vibrations ’ eradicate cancer cells', 'rupture melanoma cells ’ membrane', 'molecule vibration', 'induced whole', 'light']"
18racr6,"New Photonic Chip Is the Full Package. For the first time, researchers place a photonic filter and modulator on a standard chip.",2024-01-03T17:08:11.179000+0000,https://www.reddit.com/r/tech/comments/18racr6/new_photonic_chip_is_the_full_package_for_the/,"['new photonic chip', 'standard chip', 'photonic filter', 'researchers place', 'full package', 'first time', 'modulator']"
18qmwme,Magnetic Knots Push Future Computing Toward 3D. Twisted structures called hopfions are easy to move but hard to destroy,2024-01-03T16:51:28.590000+0000,https://www.reddit.com/r/tech/comments/18qmwme/magnetic_knots_push_future_computing_toward_3d/,"['magnetic knots push future computing toward 3d', 'twisted structures called hopfions', 'move', 'hard', 'easy', 'destroy']"
18q623w,"Wireless TVs use built-in cameras, NFC readers to sell you stuff you see on TV. TV makers are getting more aggressive about using their hardware for ads.",2024-01-02T20:04:01.735000+0000,https://www.reddit.com/r/tech/comments/18q623w/wireless_tvs_use_builtin_cameras_nfc_readers_to/,"['wireless tvs use built', 'nfc readers', 'tv makers', 'tv', 'using', 'stuff', 'sell', 'see', 'hardware', 'getting', 'cameras', 'aggressive', 'ads']"
18p6140,This vibrating pill could trick your stomach into feeling full | The pill stimulates the nerve endings in the stomach and alters the hormones related to hunger and satiety.,2024-01-02T01:25:30.979000+0000,https://www.reddit.com/r/tech/comments/18p6140/this_vibrating_pill_could_trick_your_stomach_into/,"['vibrating pill could trick', 'pill stimulates', 'nerve endings', 'hormones related', 'feeling full', 'stomach', 'stomach', 'satiety', 'hunger', 'alters']"
18pen3n,IBM demonstrates a nanosheet transistor that can withstand boiling nitrogen | IBM's concept nanosheet transistor could eventually lead to the development of a new class of chip,2024-01-01T16:07:57.357000+0000,https://www.reddit.com/r/tech/comments/18pen3n/ibm_demonstrates_a_nanosheet_transistor_that_can/,"['concept nanosheet transistor could eventually lead', 'withstand boiling nitrogen', 'nanosheet transistor', 'new class', 'ibm demonstrates', 'ibm', 'development', 'chip']"
18ocvbj,"Scientists create water-spitting 'flying dragon' robot to fight fires | The robot features eight adjustable water jets in its central and head regions, with a flexible firehose directed by a control unit on a trailing wheeled cart.",2023-12-30T15:19:13.647000+0000,https://www.reddit.com/r/tech/comments/18ocvbj/scientists_create_waterspitting_flying_dragon/,"['robot features eight adjustable water jets', 'scientists create water', 'trailing wheeled cart', 'flexible firehose directed', 'head regions', 'flying dragon', 'fight fires', 'control unit', 'robot', 'spitting', 'central']"
18odaru,Head zaps help surgeons transfer skills from VR to IRL,2023-12-29T16:26:38.502000+0000,https://www.reddit.com/r/tech/comments/18odaru/head_zaps_help_surgeons_transfer_skills_from_vr/,"['head zaps help surgeons transfer skills', 'vr', 'irl']"
18ntq3h,IBM Demos Transistor with Liquid Nitrogen Cooling,2023-12-08T16:33:13.457000+0000,https://www.reddit.com/r/tech/comments/18ntq3h/ibm_demos_transistor_with_liquid_nitrogen_cooling/,"['liquid nitrogen cooling', 'ibm demos transistor']"
18nj5q2,New nuclear deflection simulations advance planetary defense against asteroid threats,2023-12-29T13:02:56.978000+0000,https://www.reddit.com/r/tech/comments/18nj5q2/new_nuclear_deflection_simulations_advance/,"['new nuclear deflection simulations advance planetary defense', 'asteroid threats']"
18nafpc,"Clot-busting ""millirobots"" corkscrew their way through blood vessels",2023-12-28T21:26:53.903000+0000,https://www.reddit.com/r/tech/comments/18nafpc/clotbusting_millirobots_corkscrew_their_way/,"['blood vessels', 'way', 'millirobots', 'corkscrew', 'clot', 'busting']"
18mwlxt,"The Surprising Possibilities of See-Through Wood | Stronger than plastic and tougher than glass, the resin-filled material is being exploited for smartphone screens, insulated windows and more",2023-12-29T01:33:13.141000+0000,https://www.reddit.com/r/tech/comments/18mwlxt/the_surprising_possibilities_of_seethrough_wood/,"['surprising possibilities', 'smartphone screens', 'insulated windows', 'filled material', 'wood', 'tougher', 'stronger', 'see', 'resin', 'plastic', 'glass', 'exploited']"
18muhqw,Tech Gives Sound Directionality to Hearing Aids. System identifies faces and links them to speech.,2023-12-28T11:54:47.761000+0000,https://www.reddit.com/r/tech/comments/18muhqw/tech_gives_sound_directionality_to_hearing_aids/,"['tech gives sound directionality', 'system identifies faces', 'hearing aids', 'speech', 'links']"
18miwhl,"Quantum-inspired tech teleports data with light, like 'Star Trek' | “Now, it is possible to teleport information so that it never physically travels across the connection - a “Star Trek” technology made real,"" said researcher.",2023-12-28T15:55:01.208000+0000,https://www.reddit.com/r/tech/comments/18miwhl/quantuminspired_tech_teleports_data_with_light/,"['“ star trek ” technology made real ,"" said researcher', 'never physically travels across', 'inspired tech teleports data', 'star trek', '“', 'teleport information', 'quantum', 'possible', 'like', 'light', 'connection']"
18mjyjo,Smart lasers for bone surgery. A feedback mechanism distinguishes between hard and soft tissue when cutting through bones.,2023-12-27T16:30:32.950000+0000,https://www.reddit.com/r/tech/comments/18mjyjo/smart_lasers_for_bone_surgery_a_feedback/,"['feedback mechanism distinguishes', 'soft tissue', 'smart lasers', 'bone surgery', 'hard', 'cutting', 'bones']"
18lzz65,"World’s largest electric cable close to power, could light 1.4 million homes | A high voltage direct current cable will connect UK homes with fresh green energy from the wind farms of Denmark.",2023-12-27T14:57:43.213000+0000,https://www.reddit.com/r/tech/comments/18lzz65/worlds_largest_electric_cable_close_to_power/,"['high voltage direct current cable', 'largest electric cable close', 'fresh green energy', 'could light 1', 'connect uk homes', '4 million homes', 'world ’', 'wind farms', 'power', 'denmark']"
18l6qb9,AI-screened eye pics diagnose childhood autism with 100% accuracy,2023-12-26T15:21:23.219000+0000,https://www.reddit.com/r/tech/comments/18l6qb9/aiscreened_eye_pics_diagnose_childhood_autism/,"['screened eye pics diagnose childhood autism', 'ai', 'accuracy', '100']"
18la2jk,Researchers invent 'methane cleaner' that could become a permanent fixture in cattle and pig barns,2024-02-12T20:45:02.837000+0000,https://www.reddit.com/r/tech/comments/18la2jk/researchers_invent_methane_cleaner_that_could/,"['researchers invent', 'pig barns', 'permanent fixture', 'methane cleaner', 'could become', 'cattle']"
18l8i9m,NASA’s Space Station Laser Comm Terminal Achieves First Link - NASA,2023-12-25T17:27:11.396000+0000,https://www.reddit.com/r/tech/comments/18l8i9m/nasas_space_station_laser_comm_terminal_achieves/,"['space station laser comm terminal achieves first link', 'nasa ’', 'nasa']"
18lav09,What Are Time Reflections And Why Are They So Promising In Tech?,2023-12-24T23:04:08.503000+0000,https://www.reddit.com/r/tech/comments/18lav09/what_are_time_reflections_and_why_are_they_so/,"['time reflections', 'tech', 'promising']"
18kn53z,"Intel, Samsung, and TSMC Demo 3D-Stacked Transistors. The Big Three can now all make CFETs—next stop on the Moore’s Law roadmap.",2023-12-23T13:47:18.252000+0000,https://www.reddit.com/r/tech/comments/18kn53z/intel_samsung_and_tsmc_demo_3dstacked_transistors/,"['make cfets — next stop', 'tsmc demo 3d', 'stacked transistors', 'moore ’', 'law roadmap', 'big three', 'samsung', 'intel']"
18k02y0,"Tiny ‘Robots’ Made From Human Cells Show Wound-Healing Potential The so-called “anthrobots” can self-assemble and move on their own, and they prompted damaged neurons to regenerate in a recent study",2023-12-23T20:46:12.891000+0000,https://www.reddit.com/r/tech/comments/18k02y0/tiny_robots_made_from_human_cells_show/,"['tiny ‘ robots ’ made', 'human cells show wound', 'called “ anthrobots ”', 'prompted damaged neurons', 'recent study', 'healing potential', 'self', 'regenerate', 'move', 'assemble']"
18jiape,"Portable, non-invasive, mind-reading AI turns thoughts into text",2023-12-22T11:30:09.939000+0000,https://www.reddit.com/r/tech/comments/18jiape/portable_noninvasive_mindreading_ai_turns/,"['reading ai turns thoughts', 'text', 'portable', 'non', 'mind', 'invasive']"
18iytaq,Wax-actuated adaptive tiles radically cut heating and cooling energy,2023-12-22T11:57:58.378000+0000,https://www.reddit.com/r/tech/comments/18iytaq/waxactuated_adaptive_tiles_radically_cut_heating/,"['actuated adaptive tiles radically cut heating', 'cooling energy', 'wax']"
18iyzqy,Ultrafast laser technology could help advance radiotherapy and treat tumors that are resistant to conventional radiotherapy.,2023-12-21T18:30:44.971000+0000,https://www.reddit.com/r/tech/comments/18iyzqy/ultrafast_laser_technology_could_help_advance/,"['ultrafast laser technology could help advance radiotherapy', 'conventional radiotherapy', 'treat tumors', 'resistant']"
18ibfdm,"US researchers become first to 3D-print steam turbine blades | ORNL researchers, in collaboration with Siemens tech, have achieved a milestone by 3D-printing large steam turbine blades.",2023-12-21T09:31:27.526000+0000,https://www.reddit.com/r/tech/comments/18ibfdm/us_researchers_become_first_to_3dprint_steam/,"['printing large steam turbine blades', 'print steam turbine blades', 'us researchers become first', 'ornl researchers', 'siemens tech', 'milestone', 'collaboration', 'achieved', '3d', '3d']"
18iagvr,AI-Powered Microdisplay Adapts to Users’ Eyesight,2023-11-20T01:13:25.641000+0000,https://www.reddit.com/r/tech/comments/18iagvr/aipowered_microdisplay_adapts_to_users_eyesight/,"['users ’ eyesight', 'powered microdisplay adapts', 'ai']"
18hgnls,Human brain-like supercomputer with 228 trillion links coming in 2024 | Australians develop a supercomputer capable of simulating networks at the scale of the human brain.,2023-12-21T01:04:09.925000+0000,https://www.reddit.com/r/tech/comments/18hgnls/human_brainlike_supercomputer_with_228_trillion/,"['228 trillion links coming', 'supercomputer capable', 'simulating networks', 'like supercomputer', 'human brain', 'human brain', 'australians develop', 'scale', '2024']"
18gmz7x,‘Biocomputer’ combines lab-grown brain tissue with electronic hardware,2023-12-20T15:02:05.780000+0000,https://www.reddit.com/r/tech/comments/18gmz7x/biocomputer_combines_labgrown_brain_tissue_with/,"['‘ biocomputer ’ combines lab', 'grown brain tissue', 'electronic hardware']"
18ftjkg,"Hyundai unveils car tires with built-in, push-button snow chains",2023-12-20T13:23:16.172000+0000,https://www.reddit.com/r/tech/comments/18ftjkg/hyundai_unveils_car_tires_with_builtin_pushbutton/,"['hyundai unveils car tires', 'button snow chains', 'push', 'built']"
18fy6c3,"Ultrasound Techniques Steers Tiny Drug Delivery Vehicles Through the Brain | For the first time, researchers have shown how microvesicles can be steered through the brain using ultrasound.",2023-12-20T01:57:48.741000+0000,https://www.reddit.com/r/tech/comments/18fy6c3/ultrasound_techniques_steers_tiny_drug_delivery/,"['ultrasound techniques steers tiny drug delivery vehicles', 'brain using ultrasound', 'first time', 'brain', 'steered', 'shown', 'researchers', 'microvesicles']"
18f635f,MIT engineers design a robotic replica of the heart’s right chamber,2023-12-20T02:50:13.565000+0000,https://www.reddit.com/r/tech/comments/18f635f/mit_engineers_design_a_robotic_replica_of_the/,"['mit engineers design', 'robotic replica', 'right chamber', 'heart ’']"
18f9o0w,GM’s hydrogen ‘power cubes’ will be used in cement mixers and terminal tractors | The automaker is one of several betting that hydrogen fuel cells can power the next generation of heavy duty vehicles.,2023-12-19T11:43:45.773000+0000,https://www.reddit.com/r/tech/comments/18f9o0w/gms_hydrogen_power_cubes_will_be_used_in_cement/,"['hydrogen ‘ power cubes ’', 'hydrogen fuel cells', 'heavy duty vehicles', 'gm ’', 'terminal tractors', 'several betting', 'next generation', 'cement mixers', 'power', 'used', 'one', 'automaker']"
18eh4ys,"Brain Implants Show Promise for People With Traumatic Brain Injuries in Small Study. Electrodes placed in the brains of five patients led to “profound” improvements in cognitive function, even years after their injuries.",2023-12-18T11:41:36.844000+0000,https://www.reddit.com/r/tech/comments/18eh4ys/brain_implants_show_promise_for_people_with/,"['“ profound ” improvements', 'brain implants show promise', 'five patients led', 'traumatic brain injuries', 'small study', 'even years', 'electrodes placed', 'cognitive function', 'injuries', 'people', 'brains']"
18dt0zt,This bold psychedelic and VR fusion therapy could spark a mental health revolution. Psychologists are exploring ways of treating mental health disorders by combining psychedelics and virtual reality.,2023-12-18T14:32:18.270000+0000,https://www.reddit.com/r/tech/comments/18dt0zt/this_bold_psychedelic_and_vr_fusion_therapy_could/,"['vr fusion therapy could spark', 'treating mental health disorders', 'mental health revolution', 'virtual reality', 'exploring ways', 'combining psychedelics', 'bold psychedelic', 'psychologists']"
18d9d87,The lucky break behind the first CRISPR treatment. Gene editing for sickle-cell is here. This is how researchers knew what DNA to change.,2024-02-09T10:10:10.176000+0000,https://www.reddit.com/r/tech/comments/18d9d87/the_lucky_break_behind_the_first_crispr_treatment/,"['lucky break behind', 'first crispr treatment', 'researchers knew', 'gene editing', 'sickle', 'dna', 'change', 'cell']"
18cy30u,Rolls Royce plans '120-inch-long' mini nuclear reactor for Moon outpost | The auto giant displayed a conceptual model design of a nuclear Space Micro-Reactor at the UK Space Conference.,2023-12-18T13:19:48.823000+0000,https://www.reddit.com/r/tech/comments/18cy30u/rolls_royce_plans_120inchlong_mini_nuclear/,"['uk space conference', 'rolls royce plans', 'nuclear space micro', 'conceptual model design', 'auto giant displayed', 'mini nuclear reactor', 'moon outpost', 'reactor', 'long', 'inch', '120']"
18cvb7h,"Researchers use wood to create low-cost, long-lasting solar cells | Kraft lignin found in wood pulp improves the stability in organic solar cells due its ability to form hydrogen bonds that acts as a sort of glue.",2023-12-18T15:06:08.626000+0000,https://www.reddit.com/r/tech/comments/18cvb7h/researchers_use_wood_to_create_lowcost/,"['organic solar cells due', 'lasting solar cells', 'wood pulp improves', 'researchers use wood', 'kraft lignin found', 'form hydrogen bonds', 'create low', 'stability', 'sort', 'long', 'glue', 'cost', 'acts', 'ability']"
18c2g5m,Under-skin implant reverses type 1 diabetes without anti-rejection drugs,2023-12-17T18:03:47.158000+0000,https://www.reddit.com/r/tech/comments/18c2g5m/underskin_implant_reverses_type_1_diabetes/,"['skin implant reverses type 1 diabetes without anti', 'rejection drugs']"
18beo76,"Listening In On Eye Movement. Researchers find auditory signals that encode how eyes move, with potential use in hearing aid tech.",2023-12-16T20:38:47.900000+0000,https://www.reddit.com/r/tech/comments/18beo76/listening_in_on_eye_movement_researchers_find/,"['researchers find auditory signals', 'hearing aid tech', 'potential use', 'eyes move', 'eye movement', 'listening', 'encode']"
18anfsy,Doughnut plasma and 100 million°C cores: How scientists could soon make nuclear fusion a reality,2023-12-16T03:40:44.832000+0000,https://www.reddit.com/r/tech/comments/18anfsy/doughnut_plasma_and_100_millionc_cores_how/,"['scientists could soon make nuclear fusion', '100 million ° c cores', 'doughnut plasma', 'reality']"
18auttw,Ultrasound can push vaccines into the body without needles | Vaccinations could be made less painful by treating skin with a vaccine-laden liquid and using ultrasound to push it into the body,2023-12-15T12:18:24.815000+0000,https://www.reddit.com/r/tech/comments/18auttw/ultrasound_can_push_vaccines_into_the_body/,"['made less painful', 'body without needles', 'vaccinations could', 'treating skin', 'laden liquid', 'using ultrasound', 'push vaccines', 'body', 'ultrasound', 'push', 'vaccine']"
18alk1b,"Lockheed Martin's tech may allow quick calibration of space payload | It is all set to showcase the capabilities of its technology — an Electronically Steerable Antenna (ESA) payload nicknamed ""Tantrum"" — through a demonstration mission.",2023-12-15T12:29:29.811000+0000,https://www.reddit.com/r/tech/comments/18alk1b/lockheed_martins_tech_may_allow_quick_calibration/,"['tech may allow quick calibration', 'electronically steerable antenna', 'space payload', 'payload nicknamed', 'lockheed martin', 'demonstration mission', 'technology —', '—', 'tantrum', 'showcase', 'set', 'esa', 'capabilities']"
189yoeu,Large earthquakes could be identified months or even years in advance by detecting unique seismic signals. That's according to new research from a team of German researchers.,2023-12-14T15:43:19.374000+0000,https://www.reddit.com/r/tech/comments/189yoeu/large_earthquakes_could_be_identified_months_or/,"['detecting unique seismic signals', 'large earthquakes could', 'new research', 'identified months', 'german researchers', 'even years', 'team', 'advance', 'according']"
18a9ocn,Texas plant to generate 10 MW of power with desk-sized turbines,2023-12-08T16:33:13.457000+0000,https://www.reddit.com/r/tech/comments/18a9ocn/texas_plant_to_generate_10_mw_of_power_with/,"['generate 10 mw', 'texas plant', 'sized turbines', 'power', 'desk']"
18ant60,"IBM releases 1,000+ qubit processor, roadmap to error correction | Company now expects useful error-corrected qubits by the end of the decade.",2023-12-14T14:59:12.019000+0000,https://www.reddit.com/r/tech/comments/18ant60/ibm_releases_1000_qubit_processor_roadmap_to/,"['ibm releases 1', 'expects useful error', 'error correction', 'qubit processor', 'corrected qubits', 'roadmap', 'end', 'decade', 'company', '000']"
189z0fe,GUIDi belt uses computer vision and haptics to guide the blind,2023-12-13T13:20:57.227000+0000,https://www.reddit.com/r/tech/comments/189z0fe/guidi_belt_uses_computer_vision_and_haptics_to/,"['guidi belt uses computer vision', 'haptics', 'guide', 'blind']"
18a3jn5,"SmartHat may be the Swiss Army knife of safety helmets | The SmartHat is designed to make things easier, by packing a head-load of gadgets into a single safety helmet.",2023-12-12T14:22:34.916000+0000,https://www.reddit.com/r/tech/comments/18a3jn5/smarthat_may_be_the_swiss_army_knife_of_safety/,"['swiss army knife', 'make things easier', 'single safety helmet', 'safety helmets', 'smarthat may', 'smarthat', 'packing', 'load', 'head', 'gadgets', 'designed']"
1899tkn,Automatic bike transmission concept is wild and spiky—and could be a big shift,2023-12-11T12:34:10.450000+0000,https://www.reddit.com/r/tech/comments/1899tkn/automatic_bike_transmission_concept_is_wild_and/,"['automatic bike transmission concept', 'spiky —', 'big shift', 'wild', 'could']"
189xq53,"China's latest non-nuclear submarine, the Type-039C Yuan Class, features a distinctive angled sail. We can now be confident that this is part of a sonar stealth technology. Other countries are also pursuing this general technique, but China is the first to field it.",2023-12-11T16:15:56.488000+0000,https://www.reddit.com/r/tech/comments/189xq53/chinas_latest_nonnuclear_submarine_the_type039c/,"['sonar stealth technology', 'distinctive angled sail', '039c yuan class', 'nuclear submarine', 'latest non', 'general technique', 'also pursuing', 'type', 'part', 'first', 'field', 'features', 'countries', 'confident', 'china', 'china']"
18995x8,"Japan Debuts Six-Story Experimental Fusion Reactor. The reactor, a forerunner for the vast ITER experiment in France, has the potential to hasten the race for cleaner energy.",2023-12-10T15:33:11.968000+0000,https://www.reddit.com/r/tech/comments/18995x8/japan_debuts_sixstory_experimental_fusion_reactor/,"['story experimental fusion reactor', 'vast iter experiment', 'japan debuts six', 'cleaner energy', 'reactor', 'race', 'potential', 'hasten', 'france', 'forerunner']"
188kupj,"AI-system boosts microgrid efficiency for rapid power outage recovery | During power outages, microgrids leverage local renewable sources like rooftop solar panels and small wind turbines for efficient power restoration.",2023-12-10T18:19:19.989000+0000,https://www.reddit.com/r/tech/comments/188kupj/aisystem_boosts_microgrid_efficiency_for_rapid/,"['microgrids leverage local renewable sources like rooftop solar panels', 'system boosts microgrid efficiency', 'rapid power outage recovery', 'small wind turbines', 'efficient power restoration', 'power outages', 'ai']"
188cq5j,Electrocaloric Material Makes Solid-State Fridge Scalable. Refrigerant-free refrigerators would be portable and efficient.,2023-12-09T16:27:03.060000+0000,https://www.reddit.com/r/tech/comments/188cq5j/electrocaloric_material_makes_solidstate_fridge/,"['electrocaloric material makes solid', 'state fridge scalable', 'free refrigerators would', 'refrigerant', 'portable', 'efficient']"
187pj5t,Michigan installs the US's first wireless EV charging public roadway,2024-02-16T21:30:26.446000+0000,https://www.reddit.com/r/tech/comments/187pj5t/michigan_installs_the_uss_first_wireless_ev/,"['first wireless ev charging public roadway', 'michigan installs', 'us']"
187xtfd,Tiny living robots made from human cells surprise scientists,2023-12-08T18:21:12.361000+0000,https://www.reddit.com/r/tech/comments/187xtfd/tiny_living_robots_made_from_human_cells_surprise/,"['tiny living robots made', 'human cells surprise scientists']"
187zg5j,At-home saliva testing could replace daily finger-jabs for diabetics,2023-12-07T23:55:03.758000+0000,https://www.reddit.com/r/tech/comments/187zg5j/athome_saliva_testing_could_replace_daily/,"['home saliva testing could replace daily finger', 'jabs', 'diabetics']"
1871ybd,New type of geothermal power plant powers data centers in the desert. Pilot plant in Nevada uses tech from fracking to generate power in arid landscape.,2023-12-07T15:30:20.463000+0000,https://www.reddit.com/r/tech/comments/1871ybd/new_type_of_geothermal_power_plant_powers_data/,"['geothermal power plant powers data centers', 'nevada uses tech', 'pilot plant', 'generate power', 'new type', 'arid landscape', 'fracking', 'desert']"
1870vlz,"Scientists make a laser accelerator with 10 billion electron-volt beam | The accelerator, an advanced wakefield laser accelerator, is under 20 feet long, generating a 10 billion electron-volt (10 GeV) electron beam.",2023-12-07T13:12:53.595000+0000,https://www.reddit.com/r/tech/comments/1870vlz/scientists_make_a_laser_accelerator_with_10/,"['advanced wakefield laser accelerator', '20 feet long', '10 billion electron', '10 billion electron', 'laser accelerator', 'electron beam', '10 gev', 'scientists make', 'volt beam', 'accelerator', 'volt', 'generating']"
186q1kd,New Neurotech Eschews Electricity for Ultrasound. Companies team up to use ultrasound-on-chip tech to develop a brain computer interface.,2023-12-06T11:59:58.687000+0000,https://www.reddit.com/r/tech/comments/186q1kd/new_neurotech_eschews_electricity_for_ultrasound/,"['new neurotech eschews electricity', 'brain computer interface', 'companies team', 'chip tech', 'use ultrasound', 'ultrasound', 'develop']"
186kurr,Cheaper microscope could bring protein mapping technique to the masses,2023-12-05T15:39:41.297000+0000,https://www.reddit.com/r/tech/comments/186kurr/cheaper_microscope_could_bring_protein_mapping/,"['cheaper microscope could bring protein mapping technique', 'masses']"
185zha0,"'Nuclear medicine': UK startup's fusion reactor could treat cancer | “Nuclear medicine has been helping to save lives for decades by enabling the medical profession to scan for cancer and directly treat tumors and cancerous cells at source,” say the founders of the startup.",2023-12-04T16:08:21.379000+0000,https://www.reddit.com/r/tech/comments/185zha0/nuclear_medicine_uk_startups_fusion_reactor_could/,"['fusion reactor could treat cancer', ""nuclear medicine ': uk startup"", '“ nuclear medicine', 'directly treat tumors', 'source ,” say', 'save lives', 'medical profession', 'cancerous cells', 'startup', 'cancer', 'scan', 'helping', 'founders', 'enabling', 'decades']"
185wf17,Researchers figure out how to bypass the fingerprint readers in most Windows PCs.,2023-12-04T21:27:48.424000+0000,https://www.reddit.com/r/tech/comments/185wf17/researchers_figure_out_how_to_bypass_the/,"['windows pcs', 'researchers figure', 'fingerprint readers', 'bypass']"
185sj2q,Elon Musk’s Brain Implant Startup Is Ready to Start Surgery,2023-12-08T16:33:13.457000+0000,https://www.reddit.com/r/tech/comments/185sj2q/elon_musks_brain_implant_startup_is_ready_to/,"['elon musk ’', 'brain implant startup', 'start surgery', 'ready']"
1852q42,A new study used a device that reshapes images into sound signals to let blind people “see” facial features | The results have shed new light on the brain areas used to identify and process faces.,2023-12-04T14:38:47.118000+0000,https://www.reddit.com/r/tech/comments/1852q42/a_new_study_used_a_device_that_reshapes_images/,"['let blind people “ see ” facial features', 'shed new light', 'new study used', 'brain areas used', 'sound signals', 'reshapes images', 'process faces', 'results', 'identify', 'device']"
184h9f4,"Arizona's solar-over-canal project will tackle its major drought issue | As well as tackling much of the state's moderate to extreme water evaporation conditions, the initiative will also generate clean energy.",2023-12-03T17:42:24.324000+0000,https://www.reddit.com/r/tech/comments/184h9f4/arizonas_solarovercanal_project_will_tackle_its/,"['extreme water evaporation conditions', 'also generate clean energy', 'major drought issue', 'tackling much', 'canal project', 'well', 'tackle', 'state', 'solar', 'moderate', 'initiative', 'arizona']"
183uvgc,"Chemists Unveil the Slickest Surface Ever to Ward Off Water The discovery holds potential for various applications, including self-cleaning surfaces and de-icing glass, in in which droplet-repellent surfaces are useful.",2023-12-04T02:05:57.499000+0000,https://www.reddit.com/r/tech/comments/183uvgc/chemists_unveil_the_slickest_surface_ever_to_ward/,"['slickest surface ever', 'discovery holds potential', 'various applications', 'repellent surfaces', 'including self', 'icing glass', 'cleaning surfaces', 'chemists unveil', 'water', 'ward', 'useful', 'droplet', 'de']"
183bnp3,Absorbable scaffold beats angioplasty for lower-leg artery disease,2023-12-04T16:25:37.617000+0000,https://www.reddit.com/r/tech/comments/183bnp3/absorbable_scaffold_beats_angioplasty_for/,"['absorbable scaffold beats angioplasty', 'leg artery disease', 'lower']"
183cj30,Silk Meets Silicon: The Dawn of Biological Hybrid Transistors,2023-12-03T17:57:53.261000+0000,https://www.reddit.com/r/tech/comments/183cj30/silk_meets_silicon_the_dawn_of_biological_hybrid/,"['silk meets silicon', 'biological hybrid transistors', 'dawn']"
1834zqm,Robotic excavator builds a giant stone wall with no human assistance,2023-12-03T21:16:24.803000+0000,https://www.reddit.com/r/tech/comments/1834zqm/robotic_excavator_builds_a_giant_stone_wall_with/,"['robotic excavator builds', 'giant stone wall', 'human assistance']"
182y2qf,PhD student bioengineers potato plant to detect gamma radiation,2023-12-02T18:28:07.405000+0000,https://www.reddit.com/r/tech/comments/182y2qf/phd_student_bioengineers_potato_plant_to_detect/,"['phd student bioengineers potato plant', 'detect gamma radiation']"
182w4cz,UK’s unique heat-capturing glass tubes are keeping US fishermen warm | Heating and cooling needs account for 50 percent of energy demand and using the Sun's heat directly is an effective to curb fossil fuel requirements.,2023-12-03T16:57:36.634000+0000,https://www.reddit.com/r/tech/comments/182w4cz/uks_unique_heatcapturing_glass_tubes_are_keeping/,"['keeping us fishermen warm', 'curb fossil fuel requirements', 'cooling needs account', 'capturing glass tubes', 'unique heat', 'uk ’', 'heat directly', 'energy demand', '50 percent', 'using', 'sun', 'heating', 'effective']"
182d4bi,Scientists find way to wipe a cell's memory to better reprogram it as a stem cell,2024-02-12T20:45:24.709000+0000,https://www.reddit.com/r/tech/comments/182d4bi/scientists_find_way_to_wipe_a_cells_memory_to/,"['scientists find way', 'better reprogram', 'stem cell', 'cell', 'wipe', 'memory']"
181fwwq,Spinal Stimulator's Gentle Zaps Help Treat Parkinson's,2023-12-02T17:57:18.795000+0000,https://www.reddit.com/r/tech/comments/181fwwq/spinal_stimulators_gentle_zaps_help_treat/,"['gentle zaps help treat parkinson', 'spinal stimulator']"
181iywr,Airdropped spinning-seed-inspired sensors could monitor soil moisture,2023-12-01T19:57:15.570000+0000,https://www.reddit.com/r/tech/comments/181iywr/airdropped_spinningseedinspired_sensors_could/,"['inspired sensors could monitor soil moisture', 'airdropped spinning', 'seed']"
1819u22,"Next-gen air conditioning: new electrocaloric material could replace harmful refrigerants | A new, performing solution to the issue of environmentally unfriendly air conditioning systems",2023-12-01T14:07:59.410000+0000,https://www.reddit.com/r/tech/comments/1819u22/nextgen_air_conditioning_new_electrocaloric/,"['new electrocaloric material could replace harmful refrigerants', 'environmentally unfriendly air conditioning systems', 'gen air conditioning', 'performing solution', 'new', 'next', 'issue']"
180crnc,FDA considers first CRISPR gene editing treatment that may cure sickle cell,2023-11-30T18:33:36.339000+0000,https://www.reddit.com/r/tech/comments/180crnc/fda_considers_first_crispr_gene_editing_treatment/,"['fda considers first crispr gene editing treatment', 'may cure sickle cell']"
180k1h8,Jet powered by PW800 engines wraps transatlantic trip using 100% SAF | The aircraft engines ran on a sustainable aviation fuel comprising hydro-processed Esters and Fatty Acids.,2023-12-01T00:22:25.459000+0000,https://www.reddit.com/r/tech/comments/180k1h8/jet_powered_by_pw800_engines_wraps_transatlantic/,"['pw800 engines wraps transatlantic trip using 100', 'sustainable aviation fuel comprising hydro', 'aircraft engines ran', 'processed esters', 'jet powered', 'fatty acids', 'saf']"
180e168,New device allows the brain to function independently from the body | The innovative system is known as extracorporeal pulsatile circulatory control (EPCC).,2023-12-01T01:36:02.043000+0000,https://www.reddit.com/r/tech/comments/180e168/new_device_allows_the_brain_to_function/,"['extracorporeal pulsatile circulatory control', 'new device allows', 'innovative system', 'function independently', 'epcc ).', 'known', 'brain', 'body']"
17zqjwy,MIT tests new ingestible sensor that records your breathing through your intestines,2023-11-29T22:26:16.839000+0000,https://www.reddit.com/r/tech/comments/17zqjwy/mit_tests_new_ingestible_sensor_that_records_your/,"['mit tests new ingestible sensor', 'records', 'intestines', 'breathing']"
17z9bt7,"How tiny hinges bend the infection-spreading spikes of a coronavirus. Disabling those hinges could be a good strategy for designing vaccines and treatments against a broad range of coronavirus infections, including COVID-19.",2023-11-29T21:40:40.739000+0000,https://www.reddit.com/r/tech/comments/17z9bt7/how_tiny_hinges_bend_the_infectionspreading/,"['tiny hinges bend', 'hinges could', 'spreading spikes', 'including covid', 'good strategy', 'designing vaccines', 'broad range', 'coronavirus infections', 'coronavirus', 'treatments', 'infection', 'disabling', '19']"
17zjsqn,Running thousands of LLMs on one GPU is now possible with S-LoRA,2023-11-29T14:00:35.463000+0000,https://www.reddit.com/r/tech/comments/17zjsqn/running_thousands_of_llms_on_one_gpu_is_now/,"['running thousands', 'one gpu', 'possible', 'lora', 'llms']"
17ycvwi,"Scientists 3D print a robotic hand with human-like bones and tendons. As a layer is printed, an optical scan IDs flaws and corrects them in the next layer.",2024-02-09T10:10:10.176000+0000,https://www.reddit.com/r/tech/comments/17ycvwi/scientists_3d_print_a_robotic_hand_with_humanlike/,"['optical scan ids flaws', 'scientists 3d print', 'robotic hand', 'like bones', 'next layer', 'layer', 'tendons', 'printed', 'human', 'corrects']"
17xmvmg,Swallowable device tracking vital signs inside the body in human trial | The device is part of a growing field of ingestible devices that can perform various functions inside the body.,2023-11-29T08:39:06.256000+0000,https://www.reddit.com/r/tech/comments/17xmvmg/swallowable_device_tracking_vital_signs_inside/,"['swallowable device tracking vital signs inside', 'perform various functions inside', 'ingestible devices', 'human trial', 'growing field', 'device', 'part', 'body', 'body']"
